
  {
    "groups": [
      {
        "additionalInfo": null,
        "code": null,
        "description": null,
        "id": "8ee172aa-ba45-41c0-a5c0-afe4cf914c09",
        "isDeleted": false,
        "name": "Салати",
        "seoDescription": null,
        "seoKeywords": null,
        "seoText": null,
        "seoTitle": null,
        "tags": null,
        "images": [],
        "isIncludedInMenu": true,
        "order": 1,
        "parentGroup": null
      },
      {
        "additionalInfo": null,
        "code": null,
        "description": null,
        "id": "8cdf57d4-535c-421e-a30a-18b61cb7243a",
        "isDeleted": false,
        "name": "Сніданки",
        "seoDescription": null,
        "seoKeywords": null,
        "seoText": null,
        "seoTitle": null,
        "tags": null,
        "images": [],
        "isIncludedInMenu": true,
        "order": 0,
        "parentGroup": null
      }
    ],
    "productCategories": [],
    "products": [
      {
        "additionalInfo": null,
        "code": "00251",
        "description": "",
        "id": "e04ddcb2-5189-407e-a908-bae0f93e34d0",
        "isDeleted": false,
        "name": "Sangria by #cukorlviv",
        "seoDescription": null,
        "seoKeywords": null,
        "seoText": null,
        "seoTitle": null,
        "tags": null,
        "carbohydrateAmount": 0,
        "carbohydrateFullAmount": 0,
        "differentPricesOn": [],
        "doNotPrintInCheque": false,
        "energyAmount": 0,
        "energyFullAmount": 0,
        "fatAmount": 0,
        "fatFullAmount": 0,
        "fiberAmount": 0,
        "fiberFullAmount": 0,
        "groupId": null,
        "groupModifiers": [],
        "measureUnit": "порц",
        "modifiers": [],
        "price": 61,
        "productCategoryId": null,
        "prohibitedToSaleOn": [],
        "type": "dish",
        "useBalanceForSell": false,
        "weight": 0.325,
        "images": [],
        "isIncludedInMenu": true,
        "order": 2,
        "parentGroup": null
      },
      {
        "additionalInfo": null,
        "code": "00319",
        "description": "",
        "id": "37341f7a-297c-4a21-a5b4-84dea873298c",
        "isDeleted": false,
        "name": "ALL_IN",
        "seoDescription": null,
        "seoKeywords": null,
        "seoText": null,
        "seoTitle": null,
        "tags": null,
        "carbohydrateAmount": 0,
        "carbohydrateFullAmount": 0,
        "differentPricesOn": [],
        "doNotPrintInCheque": false,
        "energyAmount": 0,
        "energyFullAmount": 0,
        "fatAmount": 0,
        "fatFullAmount": 0,
        "fiberAmount": 0,
        "fiberFullAmount": 0,
        "groupId": null,
        "groupModifiers": [],
        "measureUnit": "порц",
        "modifiers": [],
        "price": 74,
        "productCategoryId": null,
        "prohibitedToSaleOn": [],
        "type": "dish",
        "useBalanceForSell": false,
        "weight": 0.33905,
        "images": [
          {
            "imageId": "6ddfad18-26c6-417e-97d1-4f0e8e1d3a64",
            "imageUrl": "https://102922.selcdn.ru/nomenclature_images/192d7d24-970b-11e8-80d2-d8d385655247/6d6e26b4-5fef-4a57-8aed-1fe6d148d35f.jpg",
            "uploadDate": "2018-08-16 17:19:27"
          }
        ],
        "isIncludedInMenu": true,
        "order": 3,
        "parentGroup": null
      },
      {
        "additionalInfo": null,
        "code": "00284",
        "description": "",
        "id": "06c18951-8de6-4a5f-8a23-5f79d5df061c",
        "isDeleted": false,
        "name": "Fresh salad ",
        "seoDescription": null,
        "seoKeywords": null,
        "seoText": null,
        "seoTitle": null,
        "tags": null,
        "carbohydrateAmount": 0,
        "carbohydrateFullAmount": 0,
        "differentPricesOn": [],
        "doNotPrintInCheque": false,
        "energyAmount": 0,
        "energyFullAmount": 0,
        "fatAmount": 0,
        "fatFullAmount": 0,
        "fiberAmount": 0,
        "fiberFullAmount": 0,
        "groupId": null,
        "groupModifiers": [],
        "measureUnit": "порц",
        "modifiers": [],
        "price": 91,
        "productCategoryId": null,
        "prohibitedToSaleOn": [],
        "type": "dish",
        "useBalanceForSell": false,
        "weight": 0.2955,
        "images": [],
        "isIncludedInMenu": true,
        "order": 0,
        "parentGroup": "8ee172aa-ba45-41c0-a5c0-afe4cf914c09"
      },
      {
        "additionalInfo": null,
        "code": "00285",
        "description": "",
        "id": "aff7224c-0efa-4d23-a3e9-bcc3a4a499bf",
        "isDeleted": false,
        "name": "салат Chiken 1/2 ",
        "seoDescription": null,
        "seoKeywords": null,
        "seoText": null,
        "seoTitle": null,
        "tags": null,
        "carbohydrateAmount": 0,
        "carbohydrateFullAmount": 0,
        "differentPricesOn": [],
        "doNotPrintInCheque": false,
        "energyAmount": 0,
        "energyFullAmount": 0,
        "fatAmount": 0,
        "fatFullAmount": 0,
        "fiberAmount": 0,
        "fiberFullAmount": 0,
        "groupId": null,
        "groupModifiers": [],
        "measureUnit": "порц",
        "modifiers": [],
        "price": 109,
        "productCategoryId": null,
        "prohibitedToSaleOn": [],
        "type": "dish",
        "useBalanceForSell": false,
        "weight": 1,
        "images": [],
        "isIncludedInMenu": true,
        "order": 1,
        "parentGroup": "8ee172aa-ba45-41c0-a5c0-afe4cf914c09"
      },
      {
        "additionalInfo": null,
        "code": "00286",
        "description": "",
        "id": "6107c01e-486c-4011-af38-efe34d1653e4",
        "isDeleted": false,
        "name": "Салат Chiken DOUBLE",
        "seoDescription": null,
        "seoKeywords": null,
        "seoText": null,
        "seoTitle": null,
        "tags": null,
        "carbohydrateAmount": 0,
        "carbohydrateFullAmount": 0,
        "differentPricesOn": [],
        "doNotPrintInCheque": false,
        "energyAmount": 0,
        "energyFullAmount": 0,
        "fatAmount": 0,
        "fatFullAmount": 0,
        "fiberAmount": 0,
        "fiberFullAmount": 0,
        "groupId": null,
        "groupModifiers": [],
        "measureUnit": "порц",
        "modifiers": [],
        "price": 175,
        "productCategoryId": null,
        "prohibitedToSaleOn": [],
        "type": "dish",
        "useBalanceForSell": false,
        "weight": 1,
        "images": [],
        "isIncludedInMenu": true,
        "order": 2,
        "parentGroup": "8ee172aa-ba45-41c0-a5c0-afe4cf914c09"
      },
      {
        "additionalInfo": null,
        "code": "00379",
        "description": "",
        "id": "3797a08a-9ff5-4fcb-a50b-aaed8f0623ff",
        "isDeleted": false,
        "name": "Салат з спаржею New",
        "seoDescription": null,
        "seoKeywords": null,
        "seoText": null,
        "seoTitle": null,
        "tags": null,
        "carbohydrateAmount": 0,
        "carbohydrateFullAmount": 0,
        "differentPricesOn": [],
        "doNotPrintInCheque": false,
        "energyAmount": 0,
        "energyFullAmount": 0,
        "fatAmount": 0,
        "fatFullAmount": 0,
        "fiberAmount": 0,
        "fiberFullAmount": 0,
        "groupId": null,
        "groupModifiers": [],
        "measureUnit": "порц",
        "modifiers": [],
        "price": 106,
        "productCategoryId": null,
        "prohibitedToSaleOn": [],
        "type": "dish",
        "useBalanceForSell": false,
        "weight": 0.2414,
        "images": [],
        "isIncludedInMenu": true,
        "order": 3,
        "parentGroup": "8ee172aa-ba45-41c0-a5c0-afe4cf914c09"
      },
      {
        "additionalInfo": null,
        "code": "00287",
        "description": "",
        "id": "c95f8a17-c4c8-4fad-bbb6-4d08ff78904f",
        "isDeleted": false,
        "name": "Салат з спаржі",
        "seoDescription": null,
        "seoKeywords": null,
        "seoText": null,
        "seoTitle": null,
        "tags": null,
        "carbohydrateAmount": 0,
        "carbohydrateFullAmount": 0,
        "differentPricesOn": [],
        "doNotPrintInCheque": false,
        "energyAmount": 0,
        "energyFullAmount": 0,
        "fatAmount": 0,
        "fatFullAmount": 0,
        "fiberAmount": 0,
        "fiberFullAmount": 0,
        "groupId": null,
        "groupModifiers": [],
        "measureUnit": "порц",
        "modifiers": [],
        "price": 106,
        "productCategoryId": null,
        "prohibitedToSaleOn": [],
        "type": "dish",
        "useBalanceForSell": false,
        "weight": 0.2406,
        "images": [],
        "isIncludedInMenu": true,
        "order": 2,
        "parentGroup": "8cdf57d4-535c-421e-a30a-18b61cb7243a"
      },
      {
        "additionalInfo": null,
        "code": "00302",
        "description": "",
        "id": "d2b15cfb-604e-4e05-b922-6f6649275e2d",
        "isDeleted": false,
        "name": "#insta_brkfst",
        "seoDescription": null,
        "seoKeywords": null,
        "seoText": null,
        "seoTitle": null,
        "tags": null,
        "carbohydrateAmount": 0,
        "carbohydrateFullAmount": 0,
        "differentPricesOn": [],
        "doNotPrintInCheque": false,
        "energyAmount": 0,
        "energyFullAmount": 0,
        "fatAmount": 0,
        "fatFullAmount": 0,
        "fiberAmount": 0,
        "fiberFullAmount": 0,
        "groupId": null,
        "groupModifiers": [],
        "measureUnit": "порц",
        "modifiers": [],
        "price": 107,
        "productCategoryId": null,
        "prohibitedToSaleOn": [],
        "type": "dish",
        "useBalanceForSell": false,
        "weight": 0.427,
        "images": [],
        "isIncludedInMenu": true,
        "order": 0,
        "parentGroup": "8cdf57d4-535c-421e-a30a-18b61cb7243a"
      },
      {
        "additionalInfo": null,
        "code": "00304",
        "description": "",
        "id": "d8d0075f-a7ad-48b2-b5f4-78f1dcbe6378",
        "isDeleted": false,
        "name": "Champ Breakfast",
        "seoDescription": null,
        "seoKeywords": null,
        "seoText": null,
        "seoTitle": null,
        "tags": null,
        "carbohydrateAmount": 0,
        "carbohydrateFullAmount": 0,
        "differentPricesOn": [],
        "doNotPrintInCheque": false,
        "energyAmount": 0,
        "energyFullAmount": 0,
        "fatAmount": 0,
        "fatFullAmount": 0,
        "fiberAmount": 0,
        "fiberFullAmount": 0,
        "groupId": null,
        "groupModifiers": [],
        "measureUnit": "порц",
        "modifiers": [],
        "price": 82,
        "productCategoryId": null,
        "prohibitedToSaleOn": [],
        "type": "dish",
        "useBalanceForSell": false,
        "weight": 0.4039,
        "images": [],
        "isIncludedInMenu": true,
        "order": 1,
        "parentGroup": "8cdf57d4-535c-421e-a30a-18b61cb7243a"
      },
      {
        "additionalInfo": null,
        "code": "00305",
        "description": "",
        "id": "d727d190-8ac2-448b-9f79-99ef25c99adc",
        "isDeleted": false,
        "name": "Egg Burger",
        "seoDescription": null,
        "seoKeywords": null,
        "seoText": null,
        "seoTitle": null,
        "tags": null,
        "carbohydrateAmount": 0,
        "carbohydrateFullAmount": 0,
        "differentPricesOn": [],
        "doNotPrintInCheque": false,
        "energyAmount": 0,
        "energyFullAmount": 0,
        "fatAmount": 0,
        "fatFullAmount": 0,
        "fiberAmount": 0,
        "fiberFullAmount": 0,
        "groupId": null,
        "groupModifiers": [],
        "measureUnit": "порц",
        "modifiers": [],
        "price": 72,
        "productCategoryId": null,
        "prohibitedToSaleOn": [],
        "type": "dish",
        "useBalanceForSell": false,
        "weight": 1,
        "images": [],
        "isIncludedInMenu": true,
        "order": 5,
        "parentGroup": "8cdf57d4-535c-421e-a30a-18b61cb7243a"
      },
      {
        "additionalInfo": null,
        "code": "00306",
        "description": "",
        "id": "1d4c1864-f033-4013-a596-f684dcf5baa8",
        "isDeleted": false,
        "name": "Англійський сніданок на млинці",
        "seoDescription": null,
        "seoKeywords": null,
        "seoText": null,
        "seoTitle": null,
        "tags": null,
        "carbohydrateAmount": 0,
        "carbohydrateFullAmount": 0,
        "differentPricesOn": [],
        "doNotPrintInCheque": false,
        "energyAmount": 0,
        "energyFullAmount": 0,
        "fatAmount": 0,
        "fatFullAmount": 0,
        "fiberAmount": 0,
        "fiberFullAmount": 0,
        "groupId": null,
        "groupModifiers": [],
        "measureUnit": "порц",
        "modifiers": [],
        "price": 107,
        "productCategoryId": null,
        "prohibitedToSaleOn": [],
        "type": "dish",
        "useBalanceForSell": false,
        "weight": 0.4369,
        "images": [
          {
            "imageId": "1a1792a4-03b0-4070-ad5a-99fccce41c55",
            "imageUrl": "https://102922.selcdn.ru/nomenclature_images/192d7d24-970b-11e8-80d2-d8d385655247/593b0dde-f543-4f89-9c76-703a75fd4f22.jpg",
            "uploadDate": "2018-08-16 17:19:26"
          }
        ],
        "isIncludedInMenu": true,
        "order": 3,
        "parentGroup": "8cdf57d4-535c-421e-a30a-18b61cb7243a"
      },
      {
        "additionalInfo": null,
        "code": "00307",
        "description": "",
        "id": "b4fd6102-8c63-4676-a586-eaab7ca55175",
        "isDeleted": false,
        "name": "Вівсяна каша з полуницею та какао бобами",
        "seoDescription": null,
        "seoKeywords": null,
        "seoText": null,
        "seoTitle": null,
        "tags": null,
        "carbohydrateAmount": 0,
        "carbohydrateFullAmount": 0,
        "differentPricesOn": [],
        "doNotPrintInCheque": false,
        "energyAmount": 0,
        "energyFullAmount": 0,
        "fatAmount": 0,
        "fatFullAmount": 0,
        "fiberAmount": 0,
        "fiberFullAmount": 0,
        "groupId": null,
        "groupModifiers": [],
        "measureUnit": "порц",
        "modifiers": [],
        "price": 73,
        "productCategoryId": null,
        "prohibitedToSaleOn": [],
        "type": "dish",
        "useBalanceForSell": false,
        "weight": 0.382,
        "images": [],
        "isIncludedInMenu": true,
        "order": 4,
        "parentGroup": "8cdf57d4-535c-421e-a30a-18b61cb7243a"
      },
      {
        "additionalInfo": null,
        "code": "00308",
        "description": "",
        "id": "d0c3b3dc-6d5c-4746-a848-52ba5ab3699a",
        "isDeleted": false,
        "name": "Гранола з йогуртом",
        "seoDescription": null,
        "seoKeywords": null,
        "seoText": null,
        "seoTitle": null,
        "tags": null,
        "carbohydrateAmount": 0,
        "carbohydrateFullAmount": 0,
        "differentPricesOn": [],
        "doNotPrintInCheque": false,
        "energyAmount": 0,
        "energyFullAmount": 0,
        "fatAmount": 0,
        "fatFullAmount": 0,
        "fiberAmount": 0,
        "fiberFullAmount": 0,
        "groupId": null,
        "groupModifiers": [],
        "measureUnit": "порц",
        "modifiers": [],
        "price": 69,
        "productCategoryId": null,
        "prohibitedToSaleOn": [],
        "type": "dish",
        "useBalanceForSell": false,
        "weight": 1,
        "images": [],
        "isIncludedInMenu": true,
        "order": 6,
        "parentGroup": "8cdf57d4-535c-421e-a30a-18b61cb7243a"
      },
      {
        "additionalInfo": null,
        "code": "00309",
        "description": "",
        "id": "8583f720-df38-4182-9387-4dff4951c950",
        "isDeleted": false,
        "name": "Гранола з молоком",
        "seoDescription": null,
        "seoKeywords": null,
        "seoText": null,
        "seoTitle": null,
        "tags": null,
        "carbohydrateAmount": 0,
        "carbohydrateFullAmount": 0,
        "differentPricesOn": [],
        "doNotPrintInCheque": false,
        "energyAmount": 0,
        "energyFullAmount": 0,
        "fatAmount": 0,
        "fatFullAmount": 0,
        "fiberAmount": 0,
        "fiberFullAmount": 0,
        "groupId": null,
        "groupModifiers": [],
        "measureUnit": "порц",
        "modifiers": [],
        "price": 69,
        "productCategoryId": null,
        "prohibitedToSaleOn": [],
        "type": "dish",
        "useBalanceForSell": false,
        "weight": 0.45,
        "images": [],
        "isIncludedInMenu": true,
        "order": 7,
        "parentGroup": "8cdf57d4-535c-421e-a30a-18b61cb7243a"
      },
      {
        "additionalInfo": null,
        "code": "00310",
        "description": "",
        "id": "3c5281f7-96d2-49e3-b093-24bb987c0c30",
        "isDeleted": false,
        "name": "Континентальний сніданок",
        "seoDescription": null,
        "seoKeywords": null,
        "seoText": null,
        "seoTitle": null,
        "tags": null,
        "carbohydrateAmount": 0,
        "carbohydrateFullAmount": 0,
        "differentPricesOn": [],
        "doNotPrintInCheque": false,
        "energyAmount": 0,
        "energyFullAmount": 0,
        "fatAmount": 0,
        "fatFullAmount": 0,
        "fiberAmount": 0,
        "fiberFullAmount": 0,
        "groupId": null,
        "groupModifiers": [],
        "measureUnit": "порц",
        "modifiers": [],
        "price": 92,
        "productCategoryId": null,
        "prohibitedToSaleOn": [],
        "type": "dish",
        "useBalanceForSell": false,
        "weight": 1,
        "images": [],
        "isIncludedInMenu": true,
        "order": 8,
        "parentGroup": "8cdf57d4-535c-421e-a30a-18b61cb7243a"
      },
      {
        "additionalInfo": null,
        "code": "00311",
        "description": "",
        "id": "cc831d1a-65d6-4039-8b46-28b0d3197342",
        "isDeleted": false,
        "name": "Сніданок з грецьким йогуртом,свіжою полуницею,гранолою,чорницею та чіа",
        "seoDescription": null,
        "seoKeywords": null,
        "seoText": null,
        "seoTitle": null,
        "tags": null,
        "carbohydrateAmount": 0,
        "carbohydrateFullAmount": 0,
        "differentPricesOn": [],
        "doNotPrintInCheque": false,
        "energyAmount": 0,
        "energyFullAmount": 0,
        "fatAmount": 0,
        "fatFullAmount": 0,
        "fiberAmount": 0,
        "fiberFullAmount": 0,
        "groupId": null,
        "groupModifiers": [],
        "measureUnit": "порц",
        "modifiers": [],
        "price": 67,
        "productCategoryId": null,
        "prohibitedToSaleOn": [],
        "type": "dish",
        "useBalanceForSell": false,
        "weight": 1,
        "images": [],
        "isIncludedInMenu": true,
        "order": 9,
        "parentGroup": "8cdf57d4-535c-421e-a30a-18b61cb7243a"
      },
      {
        "additionalInfo": null,
        "code": "00312",
        "description": "",
        "id": "408f09f5-fe2a-47a7-90bd-80d4eab95fc2",
        "isDeleted": false,
        "name": "Тости з сиром горгонзола,яйцем пашот та руколою",
        "seoDescription": null,
        "seoKeywords": null,
        "seoText": null,
        "seoTitle": null,
        "tags": null,
        "carbohydrateAmount": 0,
        "carbohydrateFullAmount": 0,
        "differentPricesOn": [],
        "doNotPrintInCheque": false,
        "energyAmount": 0,
        "energyFullAmount": 0,
        "fatAmount": 0,
        "fatFullAmount": 0,
        "fiberAmount": 0,
        "fiberFullAmount": 0,
        "groupId": null,
        "groupModifiers": [],
        "measureUnit": "порц",
        "modifiers": [],
        "price": 82,
        "productCategoryId": null,
        "prohibitedToSaleOn": [],
        "type": "dish",
        "useBalanceForSell": false,
        "weight": 1,
        "images": [],
        "isIncludedInMenu": true,
        "order": 10,
        "parentGroup": "8cdf57d4-535c-421e-a30a-18b61cb7243a"
      },
      {
        "additionalInfo": null,
        "code": "00313",
        "description": "",
        "id": "0958fafe-385d-4ff4-adbb-5b21c5429670",
        "isDeleted": false,
        "name": "Хрусткий тост з спаржею,сирним соусом з горгонзоли ,томатами та яйцем",
        "seoDescription": null,
        "seoKeywords": null,
        "seoText": null,
        "seoTitle": null,
        "tags": null,
        "carbohydrateAmount": 0,
        "carbohydrateFullAmount": 0,
        "differentPricesOn": [],
        "doNotPrintInCheque": false,
        "energyAmount": 0,
        "energyFullAmount": 0,
        "fatAmount": 0,
        "fatFullAmount": 0,
        "fiberAmount": 0,
        "fiberFullAmount": 0,
        "groupId": null,
        "groupModifiers": [],
        "measureUnit": "порц",
        "modifiers": [],
        "price": 92,
        "productCategoryId": null,
        "prohibitedToSaleOn": [],
        "type": "dish",
        "useBalanceForSell": false,
        "weight": 1,
        "images": [],
        "isIncludedInMenu": true,
        "order": 11,
        "parentGroup": "8cdf57d4-535c-421e-a30a-18b61cb7243a"
      },
      {
        "additionalInfo": null,
        "code": "00314",
        "description": "",
        "id": "c2c96988-7b03-4895-9355-21b341fd7eb0",
        "isDeleted": false,
        "name": "Яєчня Бенедикт",
        "seoDescription": null,
        "seoKeywords": null,
        "seoText": null,
        "seoTitle": null,
        "tags": null,
        "carbohydrateAmount": 0,
        "carbohydrateFullAmount": 0,
        "differentPricesOn": [],
        "doNotPrintInCheque": false,
        "energyAmount": 0,
        "energyFullAmount": 0,
        "fatAmount": 0,
        "fatFullAmount": 0,
        "fiberAmount": 0,
        "fiberFullAmount": 0,
        "groupId": null,
        "groupModifiers": [],
        "measureUnit": "порц",
        "modifiers": [],
        "price": 82,
        "productCategoryId": null,
        "prohibitedToSaleOn": [],
        "type": "dish",
        "useBalanceForSell": false,
        "weight": 0.2464,
        "images": [],
        "isIncludedInMenu": true,
        "order": 12,
        "parentGroup": "8cdf57d4-535c-421e-a30a-18b61cb7243a"
      }
    ],
    "revision": 159684363,
    "uploadDate": "2018-08-22 12:53:44"
  }